Source,Target
Frane Kojic,Fan Zhendong
Yevhen Pryshchepa,Joao Monteiro
Ewout Oostwouder,Nima Alamian
Florent Lambiet,Quadri Aruna
Qiu Dang,Lin Yun-ju
Hunor Szocs,Panagiotis Gionis
Vadim Yarashenka,Kou Lei
Supanut Wisutmaythangkoon,Liang Jingkun
Joao Monteiro,Fan Zhendong
Nima Alamian,Quadri Aruna
Lin Yun-ju,Panagiotis Gionis
Kou Lei,Liang Jingkun
Quadri Aruna,Fan Zhendong
Panagiotis Gionis,Liang Jingkun
Fan Zhendong,Liang Jingkun
Michael Tauber,Dimitrij Ovtcharov
Noshad Alamian,Deni Kozul
Bastian Steger,Tomislav Pucar
Zokhid Kenjaev,Sharath Kamal
Gavin Rumgay,Kristian Karlsson
Alexander Shibaev,Jakub Dyjas
Alvaro Robles,Paul Drinkhall
Marcelo Aguirre,Koki Niwa
Deni Kozul,Dimitrij Ovtcharov
Sharath Kamal,Tomislav Pucar
Kristian Karlsson,Jakub Dyjas
Paul Drinkhall,Koki Niwa
Dimitrij Ovtcharov,Tomislav Pucar
Jakub Dyjas,Koki Niwa
Tomislav Pucar,Koki Niwa
Horacio Cifuentes,Hugo Calderano
Tom Jarvis,Kazuhiro Yoshimura
Gustavo Tsuboi,Cristian Pletea
Robin Devos,Sathiyan Gnanasekaran
Hu Heming,Vladimir Samsonov
Naif Al-Jadal,Cedric Nuytinck
Mihai Bobocica,Kanak Jha
Aleksandar Karakasevic,Ma Long
Kazuhiro Yoshimura,Hugo Calderano
Cristian Pletea,Sathiyan Gnanasekaran
Cedric Nuytinck,Vladimir Samsonov
Kanak Jha,Ma Long
Sathiyan Gnanasekaran,Hugo Calderano
Vladimir Samsonov,Ma Long
Hugo Calderano,Ma Long
Andy Pereira,Jun Mizutani
Vitor Ishiy,Can Akkuzu
Ali Al-Khadrawi,Benedek Olah
Jesus Cantero,Jeoung Young-sik
Pavel Platonov,Emmanuel Lebesson
Kirill Gerassimenko,Wang Tai-wei
Zsolt Peto,Bojan Tokic
Ioannis Sgouropoulos,Lin Gaoyuan
Can Akkuzu,Jun Mizutani
Benedek Olah,Jeoung Young-sik
Wang Tai-wei,Emmanuel Lebesson
Bojan Tokic,Lin Gaoyuan
Jun Mizutani,Jeoung Young-sik
Emmanuel Lebesson,Lin Gaoyuan
Jeoung Young-sik,Lin Gaoyuan
Marek Badowski,Tomokazu Harimoto
Sam Walker,Jon Persson
Niagol Stoyanov,Marcos Madrid
Thiago Monteiro,Marcos Freitas
Martin Allegro,Daniel Habesohn
Felipe Olivares,Eric Jouti
Ho Kwan-Kit,Truls Moregardh
Wong Chun-Ting,An Jae-hyun
Jon Persson,Tomokazu Harimoto
Marcos Madrid,Marcos Freitas
Eric Jouti,Daniel Habesohn
Truls Moregardh,An Jae-hyun
Marcos Freitas,Tomokazu Harimoto
Daniel Habesohn,An Jae-hyun
Tomokazu Harimoto,An Jae-hyun
Lam Siu-Hang,Jang Woo-jin
Ahmed Saleh,Lubomir Jancarik
Bence Majoros,Pavel Sirucek
Vildan Gadiev,Jonathan Groth
Chen Chien-an,Tomas Polansky
Victor Liu,Masataka Morizono
Marios Yiangou,Lubomir Pistej
Andrej Gacina,Timo Boll
Lubomir Jancarik,Jang Woo-jin
Pavel Sirucek,Jonathan Groth
Tomas Polansky,Masataka Morizono
Lubomir Pistej,Timo Boll
Jonathan Groth,Jang Woo-jin
Masataka Morizono,Timo Boll
Timo Boll,Jang Woo-jin
Andreas Levenko,Lee Sang-su
Omar Assar,Joao Geraldo
Ovidiu Ionescu,Anton Kallberg
Tamas Lakatos,Patrick Franziska
Ecseki Nandor,Chuang Chih-yuan
Alberto Mino,Tiago Apolonia
Manav Thakkar,Robert Gardos
Adam Szudi,Mattias Falck
Joao Geraldo,Lee Sang-su
Anton Kallberg,Patrick Franziska
Chuang Chih-yuan,Tiago Apolonia
Robert Gardos,Mattias Falck
Patrick Franziska,Lee Sang-su
Tiago Apolonia,Mattias Falck
Lee Sang-su,Mattias Falck
Brian Afanador,Liam Pitchford
Anders Lind,Wang Yang
Nguyen Anh Tu,Darko Jorgic
Tristan Flore,An Ji-song
Ham Yu-song,Simon Gauzy
Kirill Skachkov,Park Gang-hyeon
Gustavo Gomez,Stefan Fegerl
Jan Zibrat,Xu Xin
Liam Pitchford,Wang Yang
Darko Jorgic,An Ji-song
Park Gang-hyeon,Simon Gauzy
Stefan Fegerl,Xu Xin
An Ji-song,Wang Yang
Xu Xin,Simon Gauzy
Wang Yang,Simon Gauzy
Koki Niwa,Liang Jingkun
Lin Gaoyuan,Ma Long
Jang Woo-jin,An Jae-hyun
Simon Gauzy,Mattias Falck
Liang Jingkun,Ma Long
Mattias Falck,An Jae-hyun
Mattias Falck,Ma Long
Pavel Platonov,Amir Hossein Hodaei
Daniel Gonzalez,Sam Walker
Zokhid Kenjaev,Emmanuel Lebesson
Anders Lind,Robert Gardos
Tomas Polansky,Shunsuke Togami
Khalid Assar,Adam Szudi
Florent Lambiet,Wang Chuqin
Amir Hossein Hodaei,Fan Zhendong
Sam Walker,Emmanuel Lebesson
Robert Gardos,Shunsuke Togami
Adam Szudi,Wang Chuqin
Emmanuel Lebesson,Fan Zhendong
Shunsuke Togami,Wang Chuqin
Wang Chuqin,Fan Zhendong
Nandor Ecseki,Koki Niwa
Tiago Apolonia,Daniel Habesohn
Deni Kozul,Masataka Morizono
Yevhen Pryshchepa,Wong Chun-Ting
Hwang Min-ha,Tomislav Pucar
Anthony Amalraj,Bode Abiodun
Lubomir Jancarik,Anton Kallberg
Koki Niwa,Daniel Habesohn
Masataka Morizono,Wong Chun-Ting
Bode Abiodun,Tomislav Pucar
Anton Kallberg,Lin Gaoyuan
Daniel Habesohn,Wong Chun-Ting
Tomislav Pucar,Lin Gaoyuan
Wong Chun-Ting,Lin Gaoyuan
Yukiya Uda,Dang Qiu
Harmeet Desai,Benedikt Duda
Paul Drinkhall,Marcos Freitas
Lam Siu-Hang,Jonathan Groth
Nikhil Kumar,Thiago Monteiro
Mihai Bobocica,Alvaro Robles
Kou Lei,Liam Pitchford
Dang Qiu,Liang Jingkun
Marcos Freitas,Benedikt Duda
Thiago Monteiro,Jonathan Groth
Alvaro Robles,Liam Pitchford
Benedikt Duda,Liang Jingkun
Jonathan Groth,Liam Pitchford
Liam Pitchford,Liang Jingkun
Jang Woo-jin,Kirill Skachkov
Padasak Tanviriyavechakul,Cristian Pletea
Eric Jouti,Tamas Lakatos
Aleksandar Karakasevic,Darko Jorgic
Sharath Kamal,Cedric Nuytinck
Liao Cheng-ting,Noshad Alamian
Brian Afanador,Joao Monteiro
Cristian Pletea,Kirill Skachkov
Tamas Lakatos,Darko Jorgic
Noshad Alamian,Cedric Nuytinck
Joao Monteiro,Hugo Calderano
Kirill Skachkov,Darko Jorgic
Cedric Nuytinck,Hugo Calderano
Darko Jorgic,Hugo Calderano
Ibrahima Diaw,Jon Persson
Kai Zhang,Gaston Alto
Omar Assar,Lim Jong-hoon
David Serdaroglu,Chuang Chih-yuan
Ahmed Saleh,Truls Moregardh
Marcelo Aguirre,Jeremy Hazin
Lubomir Pistej,Patrick Franziska
Jon Persson,Lin Yun-ju
Gaston Alto,Lim Jong-hoon
Chuang Chih-yuan,Truls Moregardh
Jeremy Hazin,Patrick Franziska
Lin Yun-ju,Lim Jong-hoon
Patrick Franziska,Truls Moregardh
Lim Jong-hoon,Truls Moregardh
Aleksandr Khanin,Quadri Aruna
Juan Lamadrid,Vitor Ishiy
Alberto Mino,Vladimir Sidorenko
Yaroslav Zhmudenko,Sathiyan Gnanasekaran
Ho Kwan-Kit,Kristian Karlsson
Chen Chien-an,Marek Badowski
Marcos Madrid,Alexandre Cassin
Vitor Ishiy,Quadri Aruna
Vladimir Sidorenko,Sathiyan Gnanasekaran
Marek Badowski,Kristian Karlsson
Mattias Falck,Alexandre Cassin
Sathiyan Gnanasekaran,Quadri Aruna
Alexandre Cassin,Kristian Karlsson
Kristian Karlsson,Quadri Aruna
Niagol Stoyanov,Zhou Qihao
Leonardo Mutti,Pang Yew En Koen
Olajide Omotayo,Gustavo Tsuboi
Ovidiu Ionescu,Wang Yang
Robin Devos,Benedek Olah
Bence Majoros,Joao Geraldo
Horacio Cifuentes,Simon Gauzy
Zhou Qihao,Timo Boll
Gustavo Tsuboi,Pang Yew En Koen
Benedek Olah,Wang Yang
Joao Geraldo,Simon Gauzy
Pang Yew En Koen,Timo Boll
Simon Gauzy,Wang Yang
Wang Yang,Timo Boll
Ioannis Sgouropoulos,Lee Sang-su
Rares Sipos,Martin Allegro
Feng Yi-hsin,Andrej Gacina
An Jae-hyun,Kanak Jha
Hunor Szocs,Ruwen Filus
Sami Kherouf,Can Akkuzu
Frane Kojic,Jakub Dyjas
Lee Sang-su,Martin Allegro
Andrej Gacina,Kanak Jha
Can Akkuzu,Ruwen Filus
Tomokazu Harimoto,Jakub Dyjas
Martin Allegro,Kanak Jha
Jakub Dyjas,Ruwen Filus
Ruwen Filus,Kanak Jha
Lin Gaoyuan,Fan Zhendong
Hugo Calderano,Liang Jingkun
Quadri Aruna,Truls Moregardh
Kanak Jha,Timo Boll
Liang Jingkun,Fan Zhendong
Timo Boll,Truls Moregardh
Truls Moregardh,Fan Zhendong
Amir Hossein Hodaei,Panagiotis Gionis
Yonghun Lee,Martin Allegro
Sam Walker,Wong Chun-Ting
Nima Alamian,Felix Lebrun
Theo Cogill,Kao Cheng-jui
Tom Jarvis,Sathiyan Gnanasekaran
Vitor Ishiy,Dang Qiu
Panagiotis Gionis,Fan Zhendong
Martin Allegro,Wong Chun-Ting
Kao Cheng-jui,Felix Lebrun
Sathiyan Gnanasekaran,Dang Qiu
Wong Chun-Ting,Fan Zhendong
Felix Lebrun,Dang Qiu
Dang Qiu,Fan Zhendong
Can Akkuzu,Dimitrij Ovtcharov
Jeremy Dey,Niagol Stoyanov
Yaroslav Zhmudenko,Tomislav Pucar
Daniel Gonzalez,Wang Yang
Alberto Mino,Omar Assar
Amin Ahmadian,Kirill Gerassimenko
Manush Utpalbhai Shah,Cho Seung-min
Eric Jouti,Truls Moregardh
Niagol Stoyanov,Dimitrij Ovtcharov
Wang Yang,Tomislav Pucar
Kirill Gerassimenko,Omar Assar
Cho Seung-min,Truls Moregardh
Dimitrij Ovtcharov,Tomislav Pucar
Truls Moregardh,Omar Assar
Tomislav Pucar,Omar Assar
Alfred Dela Pena,Liang Jingkun
Finn Luu,Maharu Yoshimura
Olajide Omotayo,Paul Drinkhall
Benedikt Duda,Filip Zeljko
Ievgen Pryshchepa,Alexis Lebrun
Dean Levy,Ibrahima Diaw
Harmeet Desai,Tiago Apolonia
Horacio Cifuentes,Darko Jorgic
Maharu Yoshimura,Liang Jingkun
Filip Zeljko,Paul Drinkhall
Ibrahima Diaw,Alexis Lebrun
Tiago Apolonia,Darko Jorgic
Paul Drinkhall,Liang Jingkun
Alexis Lebrun,Darko Jorgic
Darko Jorgic,Liang Jingkun
Ovidiu Ionescu,Quadri Aruna
Kelsey Amor,Alvaro Robles
Ahmed Saleh,Mihai Bobocica
Eduard Ionescu,Simon Gauzy
Marcelo Aguirre,Chuang Chih-yuan
Khalid Assar,Maciej Kubik
Adam Szudi,Marcos Freitas
Clarence Chew,Tomokazu Harimoto
Quadri Aruna,Alvaro Robles
Simon Gauzy,Mihai Bobocica
Maciej Kubik,Chuang Chih-yuan
Marcos Freitas,Tomokazu Harimoto
Alvaro Robles,Mihai Bobocica
Chuang Chih-yuan,Tomokazu Harimoto
Mihai Bobocica,Tomokazu Harimoto
Gaston Alto,Ma Long
Bence Majoros,Eugene Wang
Chetan Nathoo,Adrien Rassenfosse
Darius Movileanu,Kristian Karlsson
Anton Kallberg,Benedek Olah
An Jae-hyun,Lubomir Pistej
Geoffrey Loi,Mehdi Bouloussa
Robert Gardos,Lim Jong-hoon
Eugene Wang,Ma Long
Adrien Rassenfosse,Kristian Karlsson
Benedek Olah,Lubomir Pistej
Mehdi Bouloussa,Lim Jong-hoon
Kristian Karlsson,Ma Long
Lubomir Pistej,Lim Jong-hoon
Lim Jong-hoon,Ma Long
Izaac Quek,Lin Yun-ju
Jishan Liang,Mohamed El-Beiali
Ho Kwan-Kit,Yang Tzu-yi
Bode Abiodun,Ruwen Filus
Huang Yan-cheng,Lee Sang-su
David Serdaroglu,Sharath Kamal
Jon Persson,Daniel Habesohn
Jakub Dyjas,Lin Gaoyuan
Mohamed El-Beiali,Lin Yun-ju
Yang Tzu-yi,Ruwen Filus
Sharath Kamal,Lee Sang-su
Daniel Habesohn,Lin Gaoyuan
Ruwen Filus,Lin Yun-ju
Lee Sang-su,Lin Gaoyuan
Lin Yun-ju,Lin Gaoyuan
Hugo Calderano,Brian Afanador
Joao Monteiro,Anders Lind
Florent Lambiet,Noshad Alamian
Andrej Gacina,Jonathan Groth
Mattias Falck,Lam Siu-Hang
Lubomir Jancarik,Taiwo Mati
Nicholas Lum,Santiago Lorenzo
Pang Yew En Koen,Jang Woo-jin
Brian Afanador,Anders Lind
Jonathan Groth,Noshad Alamian
Lam Siu-Hang,Taiwo Mati
Santiago Lorenzo,Jang Woo-jin
Noshad Alamian,Anders Lind
Taiwo Mati,Jang Woo-jin
Jang Woo-jin,Anders Lind
Cedric Nuytinck,Patrick Franziska
Ali Al-Khadrawi,Xavier Dixon
Jeremy Hazin,Marcos Madrid
Liam Pitchford,Joao Geraldo
Nicolas Burgos,Yukiya Uda
Mizuki Oikawa,Deni Kozul
Tomas Polansky,Shunsuke Togami
Ocean Belrose,Wang Chuqin
Xavier Dixon,Patrick Franziska
Marcos Madrid,Joao Geraldo
Deni Kozul,Yukiya Uda
Shunsuke Togami,Wang Chuqin
Patrick Franziska,Joao Geraldo
Yukiya Uda,Wang Chuqin
Joao Geraldo,Wang Chuqin
Omar Assar,Fan Zhendong
Tomokazu Harimoto,Liang Jingkun
Lin Gaoyuan,Ma Long
Anders Lind,Wang Chuqin
Liang Jingkun,Fan Zhendong
Ma Long,Wang Chuqin
Wang Chuqin,Fan Zhendong
Benedek Olah,Jonathan Groth
Zokhid Kenjaev,Liam Pitchford
Jakub Dyjas,Alexander Shibaev
Wang Yang,Quadri Aruna
Jonathan Groth,Ma Long
Liam Pitchford,Jeoung Young-sik
Alexander Shibaev,Timo Boll
Chuang Chih-yuan,Quadri Aruna
Jeoung Young-sik,Ma Long
Timo Boll,Quadri Aruna
Quadri Aruna,Ma Long
Robert Gardos,Ovidiu Ionescu
Omar Assar,Kou Lei
Par Gerell,Hugo Calderano
Padasak Tanviriyavechakul,Panagiotis Gionis
Ovidiu Ionescu,Marcos Freitas
Simon Gauzy,Kou Lei
Tang Peng,Hugo Calderano
Panagiotis Gionis,Jun Mizutani
Kou Lei,Marcos Freitas
Hugo Calderano,Jun Mizutani
Marcos Freitas,Jun Mizutani
Adam Pattantyus,Li Ping
Wang Zengyi,Bojan Tokic
Gao Ning,Paul Drinkhall
Wang Jianan,Kristian Karlsson
Li Ping,Dimitrij Ovtcharov
Tiago Apolonia,Bojan Tokic
Andrej Gacina,Paul Drinkhall
Dimitrij Ovtcharov,Vladimir Samsonov
Bojan Tokic,Dimitrij Ovtcharov
Paul Drinkhall,Vladimir Samsonov
Dimitrij Ovtcharov,Vladimir Samsonov
Ahmet Li,Eugene Wang
Segun Toriola,Koki Niwa
Emmanuel Lebesson,Adrian Crisan
He Zhi Wen,Chen Chien-an
Eugene Wang,Wong Chun-Ting
Stefan Fegerl,Koki Niwa
Lee Sang-su,Adrian Crisan
Chen Chien-an,Zhang Jike
Wong Chun-Ting,Koki Niwa
Adrian Crisan,Zhang Jike
Koki Niwa,Zhang Jike
David Powell,Marcelo Aguirre
Yoshua Shing,Marcos Madrid
Chen Feng,Benedek Olah
Lubomir Jancarik,Zokhid Kenjaev
Marcelo Aguirre,Jakub Dyjas
Marcos Madrid,Wang Yang
Kanak Jha,Nima Alamian
Suraju Saka,Brian Afanador
Nima Alamian,Ovidiu Ionescu
Brian Afanador,Omar Assar
Andy Pereira,Hugo Calderano
Soumyajit Ghosh,Padasak Tanviriyavechakul
Chris Yan,Aleksandar Karakasevic
Khalid Assar,Wang Jianan
Kirill Gerassimenko,Adam Pattantyus
Noshad Alamian,Bojan Tokic
Aleksandar Karakasevic,Paul Drinkhall
Gustavo Tsuboi,Wang Jianan
Jorge Campos,Eugene Wang
Dmitrij Prokopcov,Segun Toriola
Sharath Kamal,Adrian Crisan
Feng Yijun,He Zhi Wen
Jun Mizutani,Ma Long
Vladimir Samsonov,Zhang Jike
Vladimir Samsonov,Jun Mizutani
Zhang Jike,Ma Long
Andrej Gacina,Emmanuel Lebesson
Clarence Chew,Daniel Habesohn
Ahmed Saleh,Panagiotis Gionis
Lubomir Jancarik,Kirill Gerassimenko
Emmanuel Lebesson,Fan Zhendong
Daniel Habesohn,Marcos Freitas
Panagiotis Gionis,Jeoung Young-sik
Kirill Gerassimenko,Timo Boll
Marcos Freitas,Fan Zhendong
Timo Boll,Jeoung Young-sik
Jeoung Young-sik,Fan Zhendong
Nikhil Kumar,Anton Kallberg
Ovidiu Ionescu,Gustavo Tsuboi
Alvaro Robles,Darko Jorgic
Sathiyan Gnanasekaran,Lam Siu-Hang
Anton Kallberg,Lin Yun-ju
Quadri Aruna,Gustavo Tsuboi
Liam Pitchford,Darko Jorgic
Lam Siu-Hang,Tomokazu Harimoto
Gustavo Tsuboi,Lin Yun-ju
Tomokazu Harimoto,Darko Jorgic
Darko Jorgic,Lin Yun-ju
Tomislav Pucar,Bojan Tokic
Robert Gardos,Paul Drinkhall
David Powell,Wang Yang
Kanak Jha,Kirill Skachkov
Bojan Tokic,Hugo Calderano
Paul Drinkhall,Jang Woo-jin
Dimitrij Ovtcharov,Koki Niwa
Hugo Calderano,Dimitrij Ovtcharov
Jang Woo-jin,Hugo Calderano
Koki Niwa,Dimitrij Ovtcharov
Hugo Calderano,Dimitrij Ovtcharov
Kou Lei,Omar Assar
Horacio Cifuentes,Chuang Chih-yuan
Bence Majoros,Jonathan Groth
Tiago Apolonia,Sharath Kamal
Mattias Falck,Omar Assar
Wong Chun-Ting,Chuang Chih-yuan
Jonathan Groth,Simon Gauzy
Sharath Kamal,Ma Long
Chuang Chih-yuan,Omar Assar
Simon Gauzy,Ma Long
Omar Assar,Ma Long
Dodji Fanny,Andrej Gacina
Ibrahima Diaw,Clarence Chew
Zsolt Peto,Panagiotis Gionis
Ali Al-Khadrawi,Lubomir Jancarik
Enkhbatyn Lkhagvasuren,Nikhil Kumar
Alberto Mino,Nikhil Kumar
Chris Yan,Ovidiu Ionescu
Gaston Alto,Alvaro Robles
Brian Afanador,Lam Siu-Hang
Jeremy Hazin,Bojan Tokic
Nima Alamian,Paul Drinkhall
Pavel Sirucek,David Powell
Dimitrije Levajac,Kirill Skachkov
Adam Hmam,Kou Lei
Yoshua Shing,Horacio Cifuentes
Larbi Bouriah,Bence Majoros
Olajide Omotayo,Tiago Apolonia
Lin Yun-ju,Fan Zhendong
Dimitrij Ovtcharov,Ma Long
Lin Yun-ju,Dimitrij Ovtcharov
Fan Zhendong,Ma Long
Noshad Alamian,Ma Long
Mattias Karlsson,Emmanuel Lebesson
Cedric Nuytinck,Grigory Vlasov
Lubomir Pistej,Panagiotis Gionis
Gaston Alto,Tiago Apolonia
Kalinikos Kreanga,Liam Pitchford
Mohamed El-Beiali,Daniel Habesohn
Tamas Lakatos,Joo Sae-hyuk
Emmanuel Lebesson,Ma Long
Grigory Vlasov,Panagiotis Gionis
Tiago Apolonia,Liam Pitchford
Daniel Habesohn,Joo Sae-hyuk
Panagiotis Gionis,Ma Long
Liam Pitchford,Joo Sae-hyuk
Joo Sae-hyuk,Ma Long
Marcelo Aguirre,Tang Peng
Tomislav Kolarek,Mihai Bobocica
Matiss Burgis,Stefan Fegerl
Afshin Norouzi,Robert Gardos
Clarence Chew,Omar Assar
Segun Toriola,Huang Sheng-sheng
Zokhid Kenjaev,Lee Sang-su
Padasak Tanviriyavechakul,Dimitrij Ovtcharov
Mihai Bobocica,Tang Peng
Robert Gardos,Stefan Fegerl
Huang Sheng-sheng,Omar Assar
Dimitrij Ovtcharov,Lee Sang-su
Stefan Fegerl,Tang Peng
Omar Assar,Dimitrij Ovtcharov
Dimitrij Ovtcharov,Tang Peng
Carlos Machado,Timo Boll
He Zhi Wen,Jakub Dyjas
Niagol Stoyanov,Kristian Karlsson
Marco Rech,Joao Monteiro
Kenta Matsudaira,Jonathan Groth
Bojan Tokic,Lubomir Jancarik
Elia Schmid,Paul Drinkhall
Omri Ben Ari,Wong Chun-Ting
Jakub Dyjas,Timo Boll
Kristian Karlsson,Joao Monteiro
Lubomir Jancarik,Jonathan Groth
Paul Drinkhall,Wong Chun-Ting
Kristian Karlsson,Timo Boll
Jonathan Groth,Wong Chun-Ting
Wong Chun-Ting,Timo Boll
Janos Jakab,Koki Niwa
Aleksandar Karakasevic,Wang Zengyi
Zsolt Peto,Jiang Tianyi
Robin Devos,Chen Chien-an
Nima Alamian,Kim Min-seok
Michael Tauber,Daniel Gorak
David Powell,Chiang Hung-chieh
Constantin Cioti,Fan Zhendong
Wang Zengyi,Koki Niwa
Chen Chien-an,Jiang Tianyi
Daniel Gorak,Kim Min-seok
Chiang Hung-chieh,Fan Zhendong
Jiang Tianyi,Koki Niwa
Kim Min-seok,Fan Zhendong
Koki Niwa,Fan Zhendong
Ovidiu Ionescu,Zhang Jike
Kim Hyok-bong,Seo Hyun-deok
Cazuo Matsumoto,Alexey Liventsov
Daniel Kosiba,Liang Jingkun
Adrien Mattenet,Joao Geraldo
Marcos Madrid,Ho Kwan-Kit
Tan Ruiwu,Benedek Olah
Marko Jevtovic,Vladimir Samsonov
Seo Hyun-deok,Zhang Jike
Alexey Liventsov,Liang Jingkun
Ho Kwan-Kit,Joao Geraldo
Benedek Olah,Vladimir Samsonov
Liang Jingkun,Zhang Jike
Joao Geraldo,Vladimir Samsonov
Vladimir Samsonov,Zhang Jike
Jean-Michel Saive,Gao Ning
Chen Diogo,Gustavo Tsuboi
Pawel Fertikowski,Chen Weixing
Thiago Monteiro,Yuto Muramatsu
Abdel-Kader Salifou,Jeoung Young-sik
Alvaro Robles,Jon Persson
Kasper Sternberg,Hugo Calderano
Pavel Platonov,Jun Mizutani
Gustavo Tsuboi,Gao Ning
Yuto Muramatsu,Chen Weixing
Jon Persson,Jeoung Young-sik
Hugo Calderano,Jun Mizutani
Chen Weixing,Gao Ning
Jeoung Young-sik,Jun Mizutani
Gao Ning,Jun Mizutani
Andy Pereira,Marcos Freitas
Jan Zibrat,Masaki Yoshida
El-sayed Lashin,Patrick Franziska
Ivan Katkov,Steffen Mengel
Marc Duran,Bastian Steger
Alberto Mino,Kou Lei
Konstantinos Papageorgiou,Adrian Crisan
Chuang Chih-yuan,Adam Pattantyus
Masaki Yoshida,Marcos Freitas
Steffen Mengel,Patrick Franziska
Bastian Steger,Kou Lei
Adrian Crisan,Adam Pattantyus
Marcos Freitas,Patrick Franziska
Adam Pattantyus,Kou Lei
Kou Lei,Patrick Franziska
Tomas Konecny,Fang Bo
Par Gerell,Sathiyan Gnanasekaran
Pak Sin-hyok,Sharath Kamal
Andrei Filimon,Simon Gauzy
Quadri Aruna,Soumyajit Ghosh
Peter Sereda,Alexander Shibaev
Kirill Skachkov,Choe Il
Yang Zi,Xu Xin
Sathiyan Gnanasekaran,Fang Bo
Simon Gauzy,Sharath Kamal
Soumyajit Ghosh,Alexander Shibaev
Choe Il,Xu Xin
Sharath Kamal,Fang Bo
Alexander Shibaev,Xu Xin
Xu Xin,Fang Bo
Tang Peng,Ma Long
Timo Boll,Fan Zhendong
Jun Mizutani,Zhang Jike
Patrick Franziska,Fang Bo
Fan Zhendong,Ma Long
Zhang Jike,Fang Bo
Fang Bo,Ma Long
Mihai Bobocica,Ma Long
Soumyajit Ghosh,Anton Kallberg
Gencay Menge,Ovidiu Ionescu
Carlos Machado,Emmanuel Lebesson
Niagol Stoyanov,Yuto Muramatsu
Daniel Gorak,Joao Monteiro
Poh Shao Feng Ethan,Jiang Tianyi
Pavel Sirucek,Chuang Chih-yuan
Anton Kallberg,Ma Long
Emmanuel Lebesson,Ovidiu Ionescu
Joao Monteiro,Yuto Muramatsu
Jiang Tianyi,Chuang Chih-yuan
Ovidiu Ionescu,Ma Long
Yuto Muramatsu,Chuang Chih-yuan
Chuang Chih-yuan,Ma Long
Konstantinos Papageorgiou,Marcos Freitas
Liam Pitchford,Nima Alamian
Tomislav Pucar,Tristan Flore
Laurens Tromer,Chen Chien-an
Brian Afanador,Jang Woo-jin
Peter Sereda,Patrick Franziska
Sam Walker,Jakub Dyjas
Gavin Rumgay,Timo Boll
Nima Alamian,Marcos Freitas
Chen Chien-an,Tristan Flore
Patrick Franziska,Jang Woo-jin
Jakub Dyjas,Timo Boll
Tristan Flore,Marcos Freitas
Jang Woo-jin,Timo Boll
Marcos Freitas,Timo Boll
Lam Siu-Hang,Jun Mizutani
Cedric Nuytinck,Tomokazu Harimoto
Alberto Mino,Ho Kwan-Kit
Kristian Karlsson,Liao Cheng-ting
Lin Yun-ju,Bastian Steger
Grigory Vlasov,Tamas Lakatos
Aleksandar Karakasevic,Benedek Olah
Jeoung Young-sik,Lubomir Pistej
Jun Mizutani,Tomokazu Harimoto
Ho Kwan-Kit,Liao Cheng-ting
Bastian Steger,Tamas Lakatos
Benedek Olah,Lubomir Pistej
Liao Cheng-ting,Tomokazu Harimoto
Tamas Lakatos,Lubomir Pistej
Lubomir Pistej,Tomokazu Harimoto
Kenta Matsudaira,Daniel Habesohn
Aliaksandr Khanin,Lin Gaoyuan
Jesus Cantero,Sharath Kamal
Anastasios Riniotis,Kou Lei
Harmeet Desai,Hugo Calderano
Florent Lambiet,Noshad Alamian
Zokhid Kenjaev,Wang Zengyi
Tomas Polansky,Xu Xin
Daniel Habesohn,Lin Gaoyuan
Kou Lei,Sharath Kamal
Noshad Alamian,Hugo Calderano
Wang Zengyi,Xu Xin
Sharath Kamal,Lin Gaoyuan
Hugo Calderano,Xu Xin
Lin Gaoyuan,Xu Xin
Krisztian Nagy,Zhang Jike
Clarence Chew,Robert Gardos
Luka Mladenovic,Cho Seung-min
Darko Jorgic,Lee Sang-su
Choe Il,Panagiotis Gionis
Kirill Gerassimenko,Wang Yang
Tomas Konecny,Pak Sin-hyok
Yang Xinyu,Vladimir Samsonov
Robert Gardos,Zhang Jike
Cho Seung-min,Lee Sang-su
Wang Yang,Panagiotis Gionis
Pak Sin-hyok,Vladimir Samsonov
Zhang Jike,Lee Sang-su
Panagiotis Gionis,Vladimir Samsonov
Vladimir Samsonov,Lee Sang-su
Eric Glod,Simon Gauzy
Gustavo Tsuboi,Jeong Sang-eun
Marcos Madrid,Bojan Tokic
El-sayed Lashin,Stefan Fegerl
Segun Toriola,Mattias Karlsson
Adrian Crisan,Kanak Jha
Marco Rech,Omar Assar
Alexey Liventsov,Wong Chun-Ting
Simon Gauzy,Jeong Sang-eun
Bojan Tokic,Stefan Fegerl
Kanak Jha,Mattias Karlsson
Omar Assar,Wong Chun-Ting
Stefan Fegerl,Jeong Sang-eun
Mattias Karlsson,Wong Chun-Ting
Jeong Sang-eun,Wong Chun-Ting
Lubomir Jancarik,Dimitrij Ovtcharov
Cazuo Matsumoto,Paul Drinkhall
Sathiyan Gnanasekaran,Hunor Szocs
Alexandre Robinot,Andrej Gacina
Gustavo Gomez,Quadri Aruna
Ahmed Saleh,Jonathan Groth
Omri Ben Ari,Gao Ning
Andreas Levenko,Koki Niwa
Paul Drinkhall,Dimitrij Ovtcharov
Andrej Gacina,Hunor Szocs
Quadri Aruna,Jonathan Groth
Gao Ning,Koki Niwa
Hunor Szocs,Dimitrij Ovtcharov
Jonathan Groth,Koki Niwa
Koki Niwa,Dimitrij Ovtcharov
Tiago Apolonia,Ng Pak Nam
Padasak Tanviriyavechakul,Chen Weixing
Alvaro Robles,Joao Geraldo
Diogo Carvalho,Ruwen Filus
Mohamed El-Beiali,Alexander Shibaev
Frane Kojic,Ricardo Walther
Robin Devos,Par Gerell
Quentin Robinot,Fan Zhendong
Chen Weixing,Ng Pak Nam
Joao Geraldo,Ruwen Filus
Ricardo Walther,Alexander Shibaev
Par Gerell,Fan Zhendong
Ng Pak Nam,Ruwen Filus
Alexander Shibaev,Fan Zhendong
Ruwen Filus,Fan Zhendong
Timo Boll,Ma Long
Tomokazu Harimoto,Xu Xin
Wong Chun-Ting,Lee Sang-su
Koki Niwa,Fan Zhendong
Xu Xin,Ma Long
Lee Sang-su,Fan Zhendong
Fan Zhendong,Ma Long
Tomislav Pucar,Wong Chun-Ting
Ahmed Saleh,Wong Chun-Ting
Jeoung Young-sik,Wong Chun-Ting
Tomislav Pucar,Jeoung Young-sik
Ahmed Saleh,Jeoung Young-sik
Ahmed Saleh,Tomislav Pucar
Chuang Chih-yuan,Liam Pitchford
Kanak Jha,Liam Pitchford
Kanak Jha,Chuang Chih-yuan
Darko Jorgic,Patrick Franziska
Quadri Aruna,Patrick Franziska
Quadri Aruna,Darko Jorgic
Robert Gardos,Jang Woo-jin
Gustavo Tsuboi,Jang Woo-jin
Gustavo Tsuboi,Robert Gardos
Chuang Chih-yuan,Fan Zhendong
Patrick Franziska,Lin Yun-ju
Koki Niwa,Jang Woo-jin
Hugo Calderano,Jeoung Young-sik
Robert Gardos,Tomokazu Harimoto
Wong Chun-Ting,Mattias Falck
Liam Pitchford,Dimitrij Ovtcharov
Darko Jorgic,Ma Long
Lin Yun-ju,Fan Zhendong
Jeoung Young-sik,Jang Woo-jin
Mattias Falck,Tomokazu Harimoto
Dimitrij Ovtcharov,Ma Long
Jang Woo-jin,Fan Zhendong
Tomokazu Harimoto,Ma Long
Ma Long,Fan Zhendong
Jang Woo-jin,Tomokazu Harimoto
Daniel Habesohn,Fan Zhendong
Sathiyan Gnanasekaran,Timo Boll
Kristian Karlsson,Lin Yun-ju
Kanak Jha,Hugo Calderano
Quadri Aruna,Tomokazu Harimoto
Lee Sang-su,Koki Niwa
Mattias Falck,Dimitrij Ovtcharov
Simon Gauzy,Ma Long
Timo Boll,Fan Zhendong
Hugo Calderano,Lin Yun-ju
Koki Niwa,Tomokazu Harimoto
Dimitrij Ovtcharov,Ma Long
Lin Yun-ju,Fan Zhendong
Ma Long,Tomokazu Harimoto
Tomokazu Harimoto,Fan Zhendong
Ma Long,Lin Yun-ju
Gustavo Tsuboi,Fan Zhendong
Wong Chun-Ting,Vladimir Samsonov
Jonathan Groth,Koki Niwa
Kanak Jha,Lin Gaoyuan
Mattias Falck,Dimitrij Ovtcharov
Simon Gauzy,Lee Sang-su
Jeong Sang-eun,Tomokazu Harimoto
Emmanuel Lebesson,Timo Boll
Vladimir Samsonov,Fan Zhendong
Koki Niwa,Lin Gaoyuan
Lee Sang-su,Dimitrij Ovtcharov
Tomokazu Harimoto,Timo Boll
Lin Gaoyuan,Fan Zhendong
Timo Boll,Dimitrij Ovtcharov
Timo Boll,Fan Zhendong
Dimitrij Ovtcharov,Lin Gaoyuan
Omar Assar,Ma Long
Lee Sang-su,Koki Niwa
Marcos Freitas,Lin Gaoyuan
Gustavo Tsuboi,Timo Boll
Quadri Aruna,Jun Mizutani
Jeong Sang-eun,Simon Gauzy
Chuang Chih-yuan,Alexander Shibaev
Kou Lei,Dimitrij Ovtcharov
Koki Niwa,Ma Long
Lin Gaoyuan,Timo Boll
Jun Mizutani,Simon Gauzy
Alexander Shibaev,Dimitrij Ovtcharov
Ma Long,Timo Boll
Simon Gauzy,Dimitrij Ovtcharov
Timo Boll,Dimitrij Ovtcharov
Simon Gauzy,Ma Long
Tomokazu Harimoto,Quadri Aruna
Shunsuke Togami,Truls Moregardh
Lim Jong-hoon,Fan Zhendong
Liang Jingkun,Lin Gaoyuan
Quek Izaac,Wang Chuqin
Felix Lebrun,Dang Qiu
Lee Sang-su,Ma Long
Darko Jorgic,Hugo Calderano
Dang Qiu,Ma Long
Lin Gaoyuan,Wang Chuqin
Quadri Aruna,Hugo Calderano
Ma Long,Fan Zhendong
Hugo Calderano,Ma Long
Truls Moregardh,Fan Zhendong
Hugo Calderano,Ma Long
Kirill Gerassimenko,Liang Jingkun
Wang Chuqin,Ma Long
Anton Kallberg,Dang Qiu
Lim Jong-hoon,Yukiya Uda
An Jae-hyun,Fan Zhendong
Darko Jorgic,Lin Yun-ju
Benedikt Duda,Kristian Karlsson
Xu Xin,Patrick Franziska
Dang Qiu,Yukiya Uda
Kristian Karlsson,Liang Jingkun
Lin Yun-ju,Ma Long
Yukiya Uda,Fan Zhendong
Liang Jingkun,Ma Long
Ma Long,Fan Zhendong
Tomislav Pucar,Kirill Gerassimenko
Liam Pitchford,Wang Chuqin
Joao Geraldo,Kristian Karlsson
Quadri Aruna,Ma Long
Truls Moregardh,Benedikt Duda
Lin Shidong,Darko Jorgic
Robert Gardos,Liang Jingkun
Andrej Gacina,Lin Yun-ju
Chuang Chih-yuan,An Jae-hyun
Wong Chun-Ting,Patrick Franziska
Kanak Jha,Anton Kallberg
Masataka Morizono,Fan Zhendong
Dan Qiu,Jonathan Groth
Jon Persson,Xu Xin
Sathiyan Gnanasekaran,Lim Jong-hoon
Timo Boll,Yukiya Uda
Joao Geraldo,Shunsuke Togami
Robert Gardos,Truls Moregardh
Feng Yi-hsin,Liang Jingkun
Eugene Wang,Wang Chuqin
Noshad Alamian,Lim Jong-hoon
Jang Woo-jin,Lin Gaoyuan
Tiago Apolonia,Fan Zhendong
Mattias Falck,Quek Izaac
Lin Yun-ju,Felix Lebrun
Chuang Chih-yuan,Lee Sang-su
Lin Shidong,Ma Long
Alexis Lebrun,Quadri Aruna
Pang Yew En Koen,Dang Qiu
Can Akkuzu,Tomokazu Harimoto
Yukiya Uda,Hugo Calderano
Kilian Ort,Darko Jorgic
Ibrahima Diaw,Lin Shidong
Ahmed Saleh,Truls Moregardh
Benedek Olah,Lin Yun-ju
Ovidiu Ionescu,Robert Gardos
Quek Izaac,Benedikt Duda
Poh Shao Feng Ethan,Kirill Gerassimenko
Emmanuel Lebesson,Andrej Gacina
Mattias Falck,Wang Chuqin
Marcelo Aguirre,Liam Pitchford
Chen Chien-an,Tomislav Pucar
Lee Sang-su,Quadri Aruna
Vitor Ishiy,Kristian Karlsson
Simon Gauzy,Liang Jingkun
Hugo Calderano,Joao Geraldo
Shunsuke Togami,Darko Jorgic
Marcos Freitas,Ma Long
Ricardo Walther,An Jae-hyun
Xiang Peng,Jonathan Groth
Omar Assar,Dang Qiu
Ruwen Filus,Chuang Chih-yuan
Pang Yew En Koen,Sathiyan Gnanasekaran
Jang Woo-jin,Wong Chun-Ting
Wang Yang,Masataka Morizono
Tiago Apolonia,Fan Zhendong
Daniel Habesohn,Patrick Franziska
Liao Cheng-ting,Yukiya Uda
Tomokazu Harimoto,Kanak Jha
Alvaro Robles,Jon Persson
Gustavo Tsuboi,Timo Boll
Sharath Kamal,Anton Kallberg
Clarence Chew,Xu Xin
Lin Gaoyuan,Lim Jong-hoon
Vitor Ishiy,Lim Jong-hoon
An Jae-hyun,Noshad Alamian
Tomislav Pucar,Feng Yi-hsin
Sharath Kamal,Quek Izaac
Martin Allegro,Joao Geraldo
Wang Yang,Wang Chuqin
Jonathan Groth,Liang Jingkun
Kirill Gerassimenko,Lin Gaoyuan
Jon Persson,Robert Gardos
Omar Assar,Tiago Apolonia
Anton Kallberg,Fan Zhendong
Alvaro Robles,Truls Moregardh
Sathiyan Gnanasekaran,Jang Woo-jin
Dimitrij Ovtcharov,Shunsuke Togami
Patrick Franziska,Mattias Falck
Benedek Olah,Eugene Wang
Hiroto Shonozuka,Chuang Chih-yuan
Ruwen Filus,Quadri Aruna
Wong Chun-Ting,Lin Yun-ju
Xiang Peng,Tomokazu Harimoto
Emmanuel Lebesson,Lee Sang-su
Nicholas Lum,Pang Yew En Koen
Andrej Gacina,Darko Jorgic
Yuan Licen,Alexis Lebrun
Beh Kun Ting,Can Akkuzu
Kristian Karlsson,Lin Shidong
Simon Gauzy,Felix Lebrun
Benedikt Duda,Ma Long
Tomas Polansky,Yukiya Uda
Liam Pitchford,Dang Qiu
Cho Seungmin,Hugo Calderano
