Source,Target
Lin Gui,Elizabeta Samara
Zhang Mo,Georgina Pota
Adriana Diaz,Li Xue
Yu Fu,Nanthana Komwong
Elizabeta Samara,Ding Ning
Georgina Pota,Doo Hoi Kem
Li Jie,Li Xue
Nanthana Komwong,Han Ying
Doo Hoi Kem,Ding Ning
Li Xue,Han Ying
Han Ying,Ding Ning
Jennifer Wu,Matilda Ekholm
Sofia Polcanova,Jian Fang Lay
Aleksandra Privalova,Chen Szu-yu
Katarzyna Grzybowska,Kim Song-i
Matilda Ekholm,Jeon Ji-hee
Jian Fang Lay,Yu Mengyu
Melek Hu,Chen Szu-yu
Kasumi Ishikawa,Kim Song-i
Jeon Ji-hee,Yu Mengyu
Chen Szu-yu,Kim Song-i
Yu Mengyu,Kim Song-i
Barbora Balazova,Li Fen
Iveta Vacenovska,Tetyana Bilenko
Shao Jieni,Lily Zhang
Polina Mikhailova,Viktoria Pavlovich
Li Fen,Li Xiaoxia
Tetyana Bilenko,Lee Ho Ching
Lily Zhang,Seo Hyo-won
Viktoria Pavlovich,Cheng I-ching
Lee Ho Ching,Li Xiaoxia
Seo Hyo-won,Cheng I-ching
Cheng I-ching,Li Xiaoxia
Li Qian,Daniela Dodean
Petra Lovas,Ri Myong-sun
Suthasini Sawettabut,Li Jiao
Shen Yanfei,Ni Xialian
Daniela Dodean,Ai Fukuhara
Petrissa Solja,Ri Myong-sun
Li Jiao,Liu Jia
Ni Xialian,Feng Tianwei
Ri Myong-sun,Ai Fukuhara
Liu Jia,Feng Tianwei
Feng Tianwei,Ai Fukuhara
Mariana Sahakian,Olufunke Oshonaike
Safa Saidani,Dina Meshref
Galia Dvorak,Lin Gui
Hana Matelova,Zhang Mo
Olufunke Oshonaike,Adriana Diaz
Dina Meshref,Nanthana Komwong
Eva odorova,Jennifer Wu
Maria Dolgikh,Jian Fang Lay
Neda Shahsavari,Aleksandra Privalova
Manika Batra,Katarzyna Grzybowska
Heba Allejji,Yadira Silva
Sally Yee,Offiong Edem
Yadira Silva,Barbora Balazova
Lady Ruano,Iveta Vacenovska
Gremlis Arvelo,Lily Zhang
Offiong Edem,Viktoria Pavlovich
Ian Lariba,Han Xing
Melissa Tapper,Caroline Kumahara
Mouma Das,Daniela Dodean
Nadeen El-Dawlatly,Petra Lovas
Han Xing,Suthasini Sawettabut
Caroline Kumahara,Ni Xialian
Kim Song-i,Ding Ning
Ai Fukuhara,Li Xiaoxia
Li Xiaoxia,Ding Ning
Ai Fukuhara,Kim Song-i
Sally Yee,Chelsea Edghill
Jessica Yamada,Rachel Moret
Prithika Pavade,Yana Noskova
Michelle Bromley,Natalia Partyka
Chelsea Edghill,Shin Yu-bin
Olufunke Oshonaike,Juan Liu
Melanie Diaz,Orawan Paranang
Tin-Tin Ho,Manika Batra
Galia Dvorak,Juan Liu
Christina Kallberg,Shao Jieni
Fadwa Garci,Bolor-Erdene Batmunkh
Hend Zaza,Liu Jia
Linda Bergstrom,Sutirtha Mukherjee
Bolor-Erdene Batmunkh,Maria Paulina Vega
Hanna Haponova,Liu Jia
Yousra Helmy,Yuan Jianan
Daniela Fonseca,Jian Fang Lay
Sarah Hanffou,Polina Trifonova
Anastassiya Lavrova,Maria Xiao
Debora Vivarelli,Jian Fang Lay
Dora Madarasz,Offiong Edem
Sarah De Nutte,Polina Trifonova
Georgina Pota,Rachel Moret
Yana Noskova,Zhang Mo
Natalia Partyka,Dina Meshref
Ni Xialian,Shin Yu-bin
Rachel Moret,Chen Meng
Petrissa Solja,Zhang Mo
Dina Meshref,Britt Eerland
Shin Yu-bin,Doo Hoi Kem
Zhang Mo,Chen Meng
Britt Eerland,Doo Hoi Kem
Doo Hoi Kem,Chen Meng
Hana Matelova,Orawan Paranang
Margaryta Pesotska,Manika Batra
Barbora Balazova,Juan Liu
Shao Jieni,Yu Mengyu
Orawan Paranang,Kasumi Ishikawa
Manika Batra,Sofia Polcanova
Bernadette Szocs,Juan Liu
Cheng I-ching,Yu Mengyu
Sofia Polcanova,Kasumi Ishikawa
Juan Liu,Yu Mengyu
Kasumi Ishikawa,Yu Mengyu
Sutirtha Mukherjee,Fu Yu
Maria Paulina Vega,Suthasini Sawettabut
Polina Mikhailova,Liu Jia
Bruna Takahashi,Yuan Jianan
Fu Yu,Mima Ito
Elizabeta Samara,Suthasini Sawettabut
Adriana Diaz,Liu Jia
Yuan Jianan,Jeon Ji-hee
Suthasini Sawettabut,Mima Ito
Liu Jia,Jeon Ji-hee
Jeon Ji-hee,Mima Ito
Soo Wai Yam Minnie,Maria Xiao
Li Qian,Jian Fang Lay
Offiong Edem,Lily Zhang
Polina Trifonova,Xiaoxin Yang
Maria Xiao,Feng Tianwei
Jian Fang Lay,Han Ying
Lily Zhang,Chen Szu-yu
Xiaoxin Yang,Sun Yingsha
Feng Tianwei,Han Ying
Chen Szu-yu,Sun Yingsha
Han Ying,Sun Yingsha
Yu Mengyu,Chen Meng
Mima Ito,Sun Yingsha
Yu Mengyu,Mima Ito
Sun Yingsha,Chen Meng
Olufunke Oshonaike,Ding Ning
Szandra Pergel,Natalia Partyka
Rachel Moret,Kim Jong J
Manika Batra,Miu Hirano
Angela Guan,Irene Ivancan
Yulia Prokhorova,Manca Fajmut
Yee Herng Hwee,Park Young-sook
Prachi Jha,Seo Hyo-won
Natalia Partyka,Ding Ning
Kim Jong J,Miu Hirano
Manca Fajmut,Irene Ivancan
Seo Hyo-won,Park Young-sook
Miu Hirano,Ding Ning
Park Young-sook,Irene Ivancan
Irene Ivancan,Ding Ning
Alina Arlouskaya,Elizabeta Samara
Jennifer Jonsson,Nina Mittelham
Maryam Samet,Tian Yuan
Adriana Diaz,Cheng I-ching
Ng Sock Khim,Lee I-chen
Daniely Rios,Ganna Gaponova
Paulina Vega,Barbora Balazova
Sarah De Nutte,Wu Yang
Nina Mittelham,Elizabeta Samara
Tian Yuan,Cheng I-ching
Lee I-chen,Ganna Gaponova
Barbora Balazova,Wu Yang
Elizabeta Samara,Cheng I-ching
Ganna Gaponova,Wu Yang
Cheng I-ching,Wu Yang
Nataliya Sladkova,Kasumi Ishikawa
Shamini Kumaresan,Ruta Paskauskiene
Caroline Kumahara,Renata strbikova
Kristin Silbereisen,Mu Zi
Anelia Karova,Melek Hu
Lin Gui,Margaryta Pesotska
Luo Anqi,Matilda Ekholm
Liu Jia,Lee Zi-on
Ruta Paskauskiene,Kasumi Ishikawa
Renata strbikova,Mu Zi
Melek Hu,Margaryta Pesotska
Lee Zi-on,Matilda Ekholm
Kasumi Ishikawa,Mu Zi
Margaryta Pesotska,Matilda Ekholm
Matilda Ekholm,Mu Zi
Li Ching Wan,Yu Mengyu
Dina Meshref,Leila Oliveira
Sara Ramirez,Eva odorova
Yuliya Gats,Li Qian
Lee Rou You,Petrissa Solja
Katerina Penkavova,Katarzyna Grzybowska
Lady Ruano,Sabine Winter
Cristina Hirici,Feng Tianwei
Leila Oliveira,Yu Mengyu
Eva odorova,Li Qian
Petrissa Solja,Katarzyna Grzybowska
Sabine Winter,Feng Tianwei
Li Qian,Yu Mengyu
Katarzyna Grzybowska,Feng Tianwei
Yu Mengyu,Feng Tianwei
Hwang Ji-na,Li Xiaoxia
Nadeen El-Dawlatly,Zhang Mo
Mouma Das,Polina Mikhailova
Tamara Pavcnik,Ri Myong-sun
Tamolwan Khetkhuan,Jiang Huajun
Nicole Trosman,Ni Xialian
Nanthana Komwong,Hana Matelova
Ligia Silva,Sayaka Hirano
Zhang Mo,Li Xiaoxia
Polina Mikhailova,Ri Myong-sun
Ni Xialian,Jiang Huajun
Sayaka Hirano,Hana Matelova
Ri Myong-sun,Li Xiaoxia
Hana Matelova,Jiang Huajun
Jiang Huajun,Li Xiaoxia
Paula Medina,Mima Ito
Li Isabelle,Lay Jian Fang
Yadira Silva,Yana Noskova
Aikaterini Toliou,Chen Szu-yu
Alex Galic,Lee Ho Ching
Judy Hugh,Maria Dolgikh
Egle Stuckyte,Tetyana Sorochynska
Gabriela Feher,Ai Fukuhara
Lay Jian Fang,Mima Ito
Yana Noskova,Chen Szu-yu
Lee Ho Ching,Maria Dolgikh
Ai Fukuhara,Tetyana Sorochynska
Chen Szu-yu,Mima Ito
Maria Dolgikh,Tetyana Sorochynska
Tetyana Sorochynska,Mima Ito
Liu Hsing-Yin,Zhu Yuling
Han Xing,Iveta Vacenovska
Andrea Todorovic,Britt Eerland
Angeliki Papadaki,Tie Ya Na
Debora Vivarelli,Li Jie
Li Qiangbing,Galia Dvorak
Maria Lorenzotti,Ri Mi-gyong
Kim Hye-song,Doo Hoi Kem
Iveta Vacenovska,Zhu Yuling
Britt Eerland,Tie Ya Na
Galia Dvorak,Li Jie
Ri Mi-gyong,Doo Hoi Kem
Tie Ya Na,Zhu Yuling
Doo Hoi Kem,Li Jie
Li Jie,Zhu Yuling
Giorgia Piccolin,Yang Ha-eun
Shelli Gelman,Carole Grundisch
Anamaria Erdelji,Camelia Postoaca
Suthasini Sawettabut,Shen Yanfei
Lea Rakovac,Li Jiao
Sarah Hanffou,Xian Yi Fang
Angie Umbacia,Bernadette Szocs
Petra Petek,Liu Shiwen
Carole Grundisch,Yang Ha-eun
Camelia Postoaca,Shen Yanfei
Xian Yi Fang,Li Jiao
Bernadette Szocs,Liu Shiwen
Shen Yanfei,Yang Ha-eun
Li Jiao,Liu Shiwen
Yang Ha-eun,Liu Shiwen
Wu Yang,Ding Ning
Feng Tianwei,Mu Zi
Mima Ito,Li Xiaoxia
Zhu Yuling,Liu Shiwen
Mu Zi,Ding Ning
Li Xiaoxia,Liu Shiwen
Liu Shiwen,Ding Ning
Daria Trigolos,Ding Ning
Irina Ciobanu,Karin Adamkova
Paula Medina,Ni Xialian
Linda Bergstrom,Georgina Pota
Mateja Jeger,Sabine Winter
Mai Hoang My Trang,Lily Zhang
Sara Ramirez,Eva odorova
Tatiana Kukulkova,Li Jie
Karin Adamkova,Ding Ning
Georgina Pota,Ni Xialian
Sabine Winter,Lily Zhang
Eva odorova,Li Jie
Ni Xialian,Ding Ning
Lily Zhang,Li Jie
Li Jie,Ding Ning
Ayhika Mukherjee,Hitomi Sato
Yousra Helmy,Cheng Hsien-tzu
Mak Tze Wing,Tamolwan Khetkhuan
Lisa Lung,Elizabeta Samara
Orawan Paranang,Polina Mikhailova
Katarzyna Grzybowska,Ri Hyon Sim
Alex Galic,Yana Noskova
Caroline Kumahara,Kasumi Ishikawa
Cheng Hsien-tzu,Hitomi Sato
Tamolwan Khetkhuan,Elizabeta Samara
Polina Mikhailova,Ri Hyon Sim
Yana Noskova,Kasumi Ishikawa
Hitomi Sato,Elizabeta Samara
Ri Hyon Sim,Kasumi Ishikawa
Elizabeta Samara,Kasumi Ishikawa
Olufunke Oshonaike,Miu Hirano
Giorgia Piccolin,Suthasini Sawettabut
Chantal Mantz,Adina Diaconu
Katherine Low,Chen Szu-yu
Manca Fajmut,Sofia Polcanova
Andrea Todorovic,Zhang Mo
Nina Mittelham,Maria Xiao
Alina Arlouskaya,Doo Hoi Kem
Suthasini Sawettabut,Miu Hirano
Adina Diaconu,Chen Szu-yu
Sofia Polcanova,Zhang Mo
Doo Hoi Kem,Maria Xiao
Chen Szu-yu,Miu Hirano
Zhang Mo,Maria Xiao
Maria Xiao,Miu Hirano
Rachel Moret,Yu Mengyu
Charlotte Carey,Kristin Silbereisen
Izabela Lupulesku,Lee Zi-on
Rahel Aschwanden,Tetyana Sorochynska
Nathalie Marchetti,Lee Ho Ching
Pauline Chasselin,Natalia Partyka
Katerina Tomanovska,Nanthana Komwong
Olga Vorobeva,Feng Tianwei
Yu Mengyu,Kristin Silbereisen
Tetyana Sorochynska,Lee Zi-on
Natalia Partyka,Lee Ho Ching
Nanthana Komwong,Feng Tianwei
Lee Zi-on,Kristin Silbereisen
Lee Ho Ching,Feng Tianwei
Kristin Silbereisen,Feng Tianwei
Valeria Petrova,Zhu Yuling
Huang Yu-wen,Sarah De Nutte
Klaudia Kusinska,Manika Batra
Solomiya Brateyko,Kim Kyungah
Krisztina Ambrus,Soo Wai Yam Minnie
Aikaterini Toliou,Viktoria Pavlovich
Dorina Srebrnjak,Britt Eerland
Lin Gui,Mima Ito
Sarah De Nutte,Zhu Yuling
Manika Batra,Kim Kyungah
Viktoria Pavlovich,Soo Wai Yam Minnie
Britt Eerland,Mima Ito
Kim Kyungah,Zhu Yuling
Soo Wai Yam Minnie,Mima Ito
Mima Ito,Zhu Yuling
Mouma Das,Liu Jia
Liu Yu-Hsin,Bernadette Szocs
Leila Oliveira,Adriana Diaz
Crystal Wang,Daniela Dodean
Matilda Ekholm,Dana Cechova
Yuan Wan,Galia Dvorak
Madhurika Patkar,Jian Fang Lay
Mariia Tailakova,Chen Meng
Bernadette Szocs,Liu Jia
Adriana Diaz,Daniela Dodean
Galia Dvorak,Dana Cechova
Jian Fang Lay,Chen Meng
Liu Jia,Daniela Dodean
Dana Cechova,Chen Meng
Daniela Dodean,Chen Meng
Dina Meshref,Cheng I-ching
Ganna Gaponova,Mu Zi
Bruna Takahashi,Yoo Eun-chong
Egle Stuckyte,Li Qian
Zhang Xuan,Miyu Kato
Christina Kallberg,Ng Wing Nam
Gasnier,Ri Mi-gyong
Rimma Gufranova,Yang Ha-eun
Cheng I-ching,Mu Zi
Yoo Eun-chong,Li Qian
Ng Wing Nam,Miyu Kato
Ri Mi-gyong,Yang Ha-eun
Li Qian,Mu Zi
Yang Ha-eun,Miyu Kato
Miyu Kato,Mu Zi
Jennifer Wu,Petrissa Solja
Angela Guan,Szandra Pergel
Zhou Chuyi,Dora Madarasz
Dragana Vignjevic,Kim Song-i
Mahshid Ashtari,Seo Hyo-won
Hana Matelova,Stephanie Loeuillette
Kim Vermaas,Ruta Paskauskiene
Airi Avameri,Liu Shiwen
Petrissa Solja,Szandra Pergel
Dora Madarasz,Kim Song-i
Stephanie Loeuillette,Seo Hyo-won
Ruta Paskauskiene,Liu Shiwen
Szandra Pergel,Kim Song-i
Seo Hyo-won,Liu Shiwen
Kim Song-i,Liu Shiwen
Kasumi Ishikawa,Ding Ning
Feng Tianwei,Miu Hirano
Chen Meng,Zhu Yuling
Mu Zi,Liu Shiwen
Miu Hirano,Ding Ning
Liu Shiwen,Zhu Yuling
Zhu Yuling,Ding Ning
Yousra Helmy,Ding Ning
Karoline Mischek,Sarah De Nutte
Sabine Winter,Sutirtha Mukherjee
Debora Vivarelli,Adriana Diaz
Nathalie Marchetti,Petrissa Solja
Christina Kallberg,Cheng Hsien-tzu
Judith Morales,Bruna Takahashi
Paula Medina,Suh Hyo-won
Sarah De Nutte,Ding Ning
Adriana Diaz,Sutirtha Mukherjee
Petrissa Solja,Cheng Hsien-tzu
Bruna Takahashi,Suh Hyo-won
Adriana Diaz,Ding Ning
Cheng Hsien-tzu,Suh Hyo-won
Suh Hyo-won,Ding Ning
Daniela Ortega,Bernadette Szocs
Maria Xiao,Kim Nam-hae
Barbora Balazova,Izabela Lupulesku
Emina Hadziahmetovic,Soo Wai Yam Minnie
Mariia Tailakova,Zhang Mo
Archana Girish Kamath,Dina Meshref
Nanthana Komwong,Margaryta Pesotska
Kim Jin-hyang,Miu Hirano
Kim Nam-hae,Bernadette Szocs
Izabela Lupulesku,Soo Wai Yam Minnie
Dina Meshref,Zhang Mo
Margaryta Pesotska,Miu Hirano
Bernadette Szocs,Soo Wai Yam Minnie
Zhang Mo,Miu Hirano
Soo Wai Yam Minnie,Miu Hirano
Leonie Hartbrich,Cheng I-ching
Airi Avameri,Nina Mittelham
Pauline Chasselin,Szandra Pergel
Solomiya Brateyko,Miyu Kato
Paulina Vega,Chen Szu-yu
Andrea Todorovic,Manika Batra
Neda Shahsavari,Ng Wing Nam
Margo Degraef,Sofia Polcanova
Nina Mittelham,Cheng I-ching
Szandra Pergel,Miyu Kato
Manika Batra,Chen Szu-yu
Ng Wing Nam,Sofia Polcanova
Cheng I-ching,Miyu Kato
Sofia Polcanova,Chen Szu-yu
Chen Szu-yu,Miyu Kato
Daria Trigolos,Kim Song-i
Polina Mikhailova,Kim Vermaas
Ni Xialian,Sabina surjan
Georgina Pota,Liu Hsing-Yin
Ana Garcia,Britt Eerland
Giorgia Piccolin,Yana Noskova
Kristin Lang,Hana Matelova
Nadezhda Bogdanova,Liu Shiwen
Kim Vermaas,Kim Song-i
Sabina surjan,Liu Hsing-Yin
Yana Noskova,Britt Eerland
Hana Matelova,Liu Shiwen
Liu Hsing-Yin,Kim Song-i
Britt Eerland,Liu Shiwen
Kim Song-i,Liu Shiwen
Sarah Hanffou,Wang Manyu
Galia Dvorak,Karin Adamkova
Alex Galic,Anna Kirichenko
Chiara Colantoni,Elizabeta Samara
Maria Malanina,Jennifer Wu
Stephanie Loeuillette,Irina Ciobanu
Orsolya Feher,Dana Cechova
Gui Lin,Hitomi Sato
Karin Adamkova,Wang Manyu
Anna Kirichenko,Elizabeta Samara
Irina Ciobanu,Jennifer Wu
Dana Cechova,Hitomi Sato
Elizabeta Samara,Wang Manyu
Jennifer Wu,Hitomi Sato
Hitomi Sato,Wang Manyu
Zhang Xuan,Jeon Ji-hee
Zhu Cheng Zhu,Tetyana Sorochynska
Tatiana Kukulkova,Cha Hyo-sim
Daniela Dodean,Matilda Ekholm
Danielle Konsbruck,Sun Yingsha
Alicia Cote,Liu Jia
Maria Tsaptsinos,Lily Zhang
Aneta Kucerova,Mima Ito
Tetyana Sorochynska,Jeon Ji-hee
Matilda Ekholm,Cha Hyo-sim
Liu Jia,Sun Yingsha
Lily Zhang,Mima Ito
Jeon Ji-hee,Cha Hyo-sim
Mima Ito,Sun Yingsha
Cha Hyo-sim,Sun Yingsha
Anastassiya Lavrova,Kasumi Ishikawa
Madhurika Patkar,Amelie Solja
Filippa Bergand,Choi Hyo-joo
Su Pei-ling,Li Qian
Adina Diaconu,Lee Ho Ching
Reem El-Eraky,Ganna Gaponova
Charlotte Carey,Lee Zi-on
Yoo Eun-chong,Doo Hoi Kem
Amelie Solja,Kasumi Ishikawa
Choi Hyo-joo,Li Qian
Ganna Gaponova,Lee Ho Ching
Lee Zi-on,Doo Hoi Kem
Li Qian,Kasumi Ishikawa
Lee Ho Ching,Doo Hoi Kem
Kasumi Ishikawa,Doo Hoi Kem
Amy Wang,Feng Tianwei
Natalia Bajor,Linda Bergstrom
Aikaterini Toliou,Dora Madarasz
Bernadett Balint,Li Jie
Gasnier,Suthasini Sawettabut
Mateja Jeger,Natalia Partyka
Tin-Tin Ho,Lin Ye
Wong Xin Ru,Chen Meng
Linda Bergstrom,Feng Tianwei
Li Jie,Dora Madarasz
Natalia Partyka,Suthasini Sawettabut
Lin Ye,Chen Meng
Dora Madarasz,Feng Tianwei
Suthasini Sawettabut,Chen Meng
Feng Tianwei,Chen Meng
Miu Hirano,Ding Ning
Miyu Kato,Liu Shiwen
Sun Yingsha,Wang Manyu
Doo Hoi Kem,Chen Meng
Ding Ning,Liu Shiwen
Wang Manyu,Chen Meng
Chen Meng,Liu Shiwen
Orawan Paranang,Lin Ye
Dora Madarasz,Sarah De Nutte
Soo Wai Yam Minnie,Shin Yu-bin
Shao Jieni,Zhang Mo
Debora Vivarelli,Barbora Balazova
Manika Batra,Bruna Takahashi
Mariia Tailakova,Miu Hirano
Lin Ye,Chen Meng
Sarah De Nutte,Shin Yu-bin
Zhang Mo,Barbora Balazova
Bruna Takahashi,Miu Hirano
Sarah De Nutte,Chen Meng
Barbora Balazova,Miu Hirano
Miu Hirano,Chen Meng
Sofia-Xuan Zhang,Jennifer Wu
Nathalie Marchetti,Natalia Bajor
Paulina Vega,Bernadette Szocs
Yousra Helmy,Margaryta Pesotska
Natalia Partyka,Cheng Hsien-tzu
Yadira Silva,Giorgia Piccolin
Jennifer Wu,Jeon Ji-hee
Natalia Bajor,Bernadette Szocs
Cheng Hsien-tzu,Margaryta Pesotska
Giorgia Piccolin,Kasumi Ishikawa
Jeon Ji-hee,Bernadette Szocs
Margaryta Pesotska,Kasumi Ishikawa
Bernadette Szocs,Kasumi Ishikawa
Marie Migot,Tin-Tin Ho
Mabelyn Enriquez,Sibel Altinkaya
Nina Mittelham,Amy Wang
Olga Vorobeva,Shan Xiaona
Margo Degraef,Pauline Chasselin
Maria Xiao,Zhu Cheng Zhu
Yana Noskova,Chen Xingtong
Tin-Tin Ho,Cheng I-ching
Sibel Altinkaya,Amy Wang
Pauline Chasselin,Shan Xiaona
Zhu Cheng Zhu,Chen Xingtong
Amy Wang,Cheng I-ching
Shan Xiaona,Chen Xingtong
Cheng I-ching,Chen Xingtong
Sofia Polcanova,Adina Diaconu
Daniela Ortega,Jia Nan Yuan
Wong Xin Ru,Liu Hsing-Yin
Anna Wegrzyn,Elizabeta Samara
Georgina Pota,Hana Matelova
Camila Arguelles,Linda Bergstrom
Sutirtha Mukherjee,Choi Hyo-joo
Adina Diaconu,Jia Nan Yuan
Elizabeta Samara,Liu Hsing-Yin
Hana Matelova,Linda Bergstrom
Choi Hyo-joo,Wang Manyu
Liu Hsing-Yin,Jia Nan Yuan
Linda Bergstrom,Wang Manyu
Jia Nan Yuan,Wang Manyu
Daniely Rios,Zauresh Akasheva
Madhurika Patkar,Saki Shibata
Sabina surjan,Britt Eerland
Karoline Mischek,Suthasini Sawettabut
Solomiya Brateyko,Goi Rui Xuan
Anastassiya Lavrova,Andreea Dragoman
Izabela Lupulesku,Petrissa Solja
Zauresh Akasheva,Mima Ito
Britt Eerland,Saki Shibata
Goi Rui Xuan,Suthasini Sawettabut
Petrissa Solja,Andreea Dragoman
Saki Shibata,Mima Ito
Andreea Dragoman,Suthasini Sawettabut
Suthasini Sawettabut,Mima Ito
Farah Abdelaziz,Ayhika Mukherjee
Hanna Haponova,Jinnipa Sawettabut
Mateja Jeger,Dina Meshref
Jamila Laurenti,Ni Xialian
Leila Oliveira,Ivana Malobabic
Katerina Tomanovska,Lee Zi-on
Ayhika Mukherjee,Hina Hayata
Jinnipa Sawettabut,Dina Meshref
Ivana Malobabic,Ni Xialian
Lee Zi-on,Wang Yidi
Dina Meshref,Hina Hayata
Ni Xialian,Wang Yidi
Hina Hayata,Wang Yidi
Melanie Diaz,Li Yu-jhun
ozge Yilmaz,Christina Kallberg
Polina Mikhailova,Suh Hyo-won
Leonie Hartbrich,Lily Zhang
Ana Codina,Andrea Todorovic
Charlotte Carey,Sabine Winter
Offiong Edem,Doo Hoi Kem
Li Yu-jhun,Feng Tianwei
Christina Kallberg,Suh Hyo-won
Andrea Todorovic,Lily Zhang
Sabine Winter,Doo Hoi Kem
Feng Tianwei,Suh Hyo-won
Lily Zhang,Doo Hoi Kem
Doo Hoi Kem,Suh Hyo-won
Aikaterini Toliou,Adriana Diaz
Katia Kessaci,Tatiana Kukulkova
Judith Morales,Lee Ho Ching
Audrey Zarif,Chen Szu-yu
Rachel Moret,Han Ying
Galia Dvorak,Daria Trigolos
Caroline Kumahara,Ng Wing Nam
Tatiana Kukulkova,Adriana Diaz
Lee Ho Ching,Chen Szu-yu
Daria Trigolos,Han Ying
Ng Wing Nam,Sun Yingsha
Chen Szu-yu,Adriana Diaz
Han Ying,Sun Yingsha
Adriana Diaz,Sun Yingsha
Kasumi Ishikawa,Chen Meng
Chen Xingtong,Wang Manyu
Mima Ito,Wang Yidi
Suh Hyo-won,Sun Yingsha
Chen Meng,Wang Manyu
Wang Yidi,Sun Yingsha
Sun Yingsha,Wang Manyu
Filippa Bergand,Amelie Solja
Ivy Liao,Prithika Pavade
Huang Yu-wen,Elizabeta Samara
Zhang Mo,Shin Yu-bin
Amy Wang,Audrey Zarif
Sofia-Xuan Zhang,Barbora Balazova
Debora Vivarelli,Jia Nan Yuan
Amelie Solja,Sun Yingsha
Elizabeta Samara,Prithika Pavade
Audrey Zarif,Shin Yu-bin
Barbora Balazova,Jia Nan Yuan
Elizabeta Samara,Sun Yingsha
Jia Nan Yuan,Shin Yu-bin
Prithika Pavade,Sun Yingsha
Sofia Polcanova,Dora Madarasz
Sutirtha Mukherjee,Tatiana Kukulkova
Paulina Vega,Gaia Monfardini
Natalia Bajor,Sabine Winter
Chen Szu-yu,Andreea Dragoman
Camila Arguelles,ozge Yilmaz
Nicole Arlia,Sreeja Akula
Tin-Tin Ho,Han Ying
Dora Madarasz,Tatiana Kukulkova
Sabine Winter,Gaia Monfardini
ozge Yilmaz,Andreea Dragoman
Sreeja Akula,Han Ying
Gaia Monfardini,Tatiana Kukulkova
Andreea Dragoman,Han Ying
Tatiana Kukulkova,Han Ying
Sarah Jalli,Hina Hayata
Ng Wing Nam,Giorgia Piccolin
Musfiquh Kalam,Melanie Diaz
Danisha Patel,Miyu Nagasaki
Bruna Takahashi,Suh Hyo-won
Karoline Mischek,Solomiya Brateyko
Goi Rui Xuan,Adina Diaconu
Ruqayyah Kinoo,Doo Hoi Kem
Giorgia Piccolin,Hina Hayata
Melanie Diaz,Miyu Nagasaki
Solomiya Brateyko,Suh Hyo-won
Doo Hoi Kem,Adina Diaconu
Miyu Nagasaki,Hina Hayata
Adina Diaconu,Suh Hyo-won
Suh Hyo-won,Hina Hayata
Zeng Jian,Miu Hirano
Sarah Hanffou,Annett Kaufmann
Bernadett Balint,Margaryta Pesotska
Andrea Todorovic,Jeon Ji-hee
Clio Barcenas,Fu Yu
Liopa Santhy,Fatimo Bello
Sibel Altinkaya,Maria Xiao
Mateja Jeger,Wang Yidi
Annett Kaufmann,Miu Hirano
Margaryta Pesotska,Jeon Ji-hee
Fatimo Bello,Fu Yu
Maria Xiao,Wang Yidi
Jeon Ji-hee,Miu Hirano
Fu Yu,Wang Yidi
Miu Hirano,Wang Yidi
Yousra Helmy,Chen Meng
Charlotte Carey,Jinnipa Sawettabut
Leonie Hartbrich,Ni Xialian
Daniela Ortega,Shan Xiaona
Zhou Jingyi,Dina Meshref
Sarvinoz Mirkadirova,Anna Wegrzyn
Lam Yee Lok,Orawan Paranang
Yadira Silva,Miyuu Kihara
Jinnipa Sawettabut,Chen Meng
Ni Xialian,Shan Xiaona
Anna Wegrzyn,Dina Meshref
Orawan Paranang,Miyuu Kihara
Shan Xiaona,Chen Meng
Dina Meshref,Miyuu Kihara
Miyuu Kihara,Chen Meng
Luca Kumahara,Adriana Diaz
Ana Tofant,Ivana Malobabic
Ema Labosova,Wong Xin Ru
Lynda Loghraibi,Manika Batra
Sabina surjan,Suthasini Sawettabut
Melissa Tapper,Georgina Pota
Anastassiya Lavrova,Camille Lutz
Zauresh Akasheva,Mima Ito
Ivana Malobabic,Adriana Diaz
Wong Xin Ru,Manika Batra
Suthasini Sawettabut,Georgina Pota
Camille Lutz,Mima Ito
Manika Batra,Adriana Diaz
Georgina Pota,Mima Ito
Adriana Diaz,Mima Ito
Sarah De Nutte,Chen Xingtong
Shao Jieni,Lee Zi-on
Offiong Edem,Zhu Cheng Zhu
Izabela Lupulesku,Choi Hyo-joo
Christina Kallberg,Bernadette Szocs
Arantxa Cossio Aceves,Mariam Alhodaby
Olufunke Oshonaike,Charlotte Lutz
Katerina Tomanovska,Cheng I-ching
Lee Zi-on,Chen Xingtong
Choi Hyo-joo,Zhu Cheng Zhu
Mariam Alhodaby,Bernadette Szocs
Charlotte Lutz,Cheng I-ching
Zhu Cheng Zhu,Chen Xingtong
Bernadette Szocs,Cheng I-ching
Cheng I-ching,Chen Xingtong
Zodwa Maphanga,Nina Mittelham
Hana Arapovic,Reeth Tennison
Aikaterini Toliou,Li Yu-jhun
Rachel Moret,Hana Goda
Lily Zhang,Linda Bergstrom
Lee Ho Ching,Hanna Haponova
Ana Codina,Hana Matelova
Reeth Tennison,Nina Mittelham
Hana Goda,Li Yu-jhun
Linda Bergstrom,Hanna Haponova
Hana Matelova,Wang Manyu
Li Yu-jhun,Nina Mittelham
Hanna Haponova,Wang Manyu
Nina Mittelham,Wang Manyu
Han Ying,Sun Yingsha
Wang Yidi,Hina Hayata
Mima Ito,Chen Meng
Wang Manyu,Chen Xingtong
Hina Hayata,Sun Yingsha
Chen Xingtong,Chen Meng
Chen Meng,Sun Yingsha
Jeon Ji-hee,Han Ying
Britt Eerland,Han Ying
Britt Eerland,Jeon Ji-hee
Adriana Diaz,Lily Zhang
Zhang Mo,Lily Zhang
Lily Zhang,Margaryta Pesotska
Zhang Mo,Adriana Diaz
Margaryta Pesotska,Adriana Diaz
Zhang Mo,Margaryta Pesotska
Jennifer Wu,Chen Szu-yu
Petrissa Solja,Chen Szu-yu
Petrissa Solja,Jennifer Wu
Bernadette Szocs,Suh Hyo-won
Dina Meshref,Suh Hyo-won
Dina Meshref,Bernadette Szocs
Bernadette Szocs,Chen Meng
Feng Tianwei,Lily Zhang
Sofia Polcanova,Han Ying
Jennifer Wu,Cheng I-ching
Adriana Diaz,Sun Yingsha
Suh Hyo-won,Kasumi Ishikawa
Doo Hoi Kem,Chen Szu-yu
Jeon Ji-hee,Mima Ito
Lily Zhang,Chen Meng
Cheng I-ching,Han Ying
Kasumi Ishikawa,Sun Yingsha
Chen Szu-yu,Mima Ito
Han Ying,Chen Meng
Mima Ito,Sun Yingsha
Sun Yingsha,Chen Meng
Han Ying,Mima Ito
Zhang Mo,Zhu Yuling
Doo Hoi Kem,Petrissa Solja
Bernadette Szocs,Feng Tianwei
Dina Meshref,Kasumi Ishikawa
Miu Hirano,Lily Zhang
Jennifer Wu,Sofia Polcanova
Jeon Ji-hee,Cheng I-ching
Chen Szu-yu,Liu Shiwen
Petrissa Solja,Zhu Yuling
Kasumi Ishikawa,Feng Tianwei
Sofia Polcanova,Lily Zhang
Cheng I-ching,Liu Shiwen
Feng Tianwei,Zhu Yuling
Lily Zhang,Liu Shiwen
Zhu Yuling,Liu Shiwen
Lily Zhang,Feng Tianwei
Matilda Ekholm,Zhu Yuling
Elizabeta Samara,Sofia Polcanova
Bernadette Szocs,Doo Hoi Kem
Georgina Pota,Cheng I-ching
Liu Jia,Ding Ning
Jian Fang Lay,Seo Hyo-won
Kim Song-i,Miu Hirano
Chen Szu-yu,Kasumi Ishikawa
Sofia Polcanova,Zhu Yuling
Doo Hoi Kem,Cheng I-ching
Seo Hyo-won,Ding Ning
Miu Hirano,Kasumi Ishikawa
Cheng I-ching,Zhu Yuling
Kasumi Ishikawa,Ding Ning
Zhu Yuling,Ding Ning
Kasumi Ishikawa,Cheng I-ching
Zhang Mo,Zhu Yuling
Liu Jia,Li Jie
Georgina Pota,Cheng I-ching
Kasumi Ishikawa,Lee Ho Ching
Matilda Ekholm,Miu Hirano
Doo Hoi Kem,Chen Szu-yu
Seo Hyo-won,Elizabeta Samara
Dina Meshref,Liu Shiwen
Li Jie,Zhu Yuling
Lee Ho Ching,Cheng I-ching
Chen Szu-yu,Miu Hirano
Elizabeta Samara,Liu Shiwen
Cheng I-ching,Zhu Yuling
Miu Hirano,Liu Shiwen
Liu Shiwen,Zhu Yuling
Miu Hirano,Cheng I-ching
Miu Hirano,Zhang Rui
Jia Nan Yuan,Qian Tanyi
Elizabeta Samara,Sofia Polcanova
Chen Xingtong,Han Ying
Nina Mittelham,Sun Yingsha
Suthasini Sawettabut,Xiaoxin Yang
Kasumi Ishikawa,Joo Cheonhui
Adriana Diaz,Wang Manyu
Sofia Polcanova,Qian Tanyi
Xiaoxin Yang,Wang Manyu
Joo Cheonhui,Sun Yingsha
Han Ying,Zhang Rui
Zhang Rui,Qian Tanyi
Wang Manyu,Sun Yingsha
Qian Tanyi,Sun Yingsha
Lee Ho Ching,Hina Hayata
He Zhuojia,Chen Meng
Nina Mittelham,Wang Yidi
Mima Ito,Jia Nan Yuan
Adriana Diaz,Wang Manyu
Cheng I-ching,Kasumi Ishikawa
Liu Shiwen,Sun Yingsha
Suthasini Sawettabut,Sofia Polcanova
Jia Nan Yuan,Wang Yidi
Kasumi Ishikawa,Chen Meng
Hina Hayata,Sun Yingsha
Sofia Polcanova,Wang Manyu
Wang Yidi,Chen Meng
Sun Yingsha,Wang Manyu
Wang Manyu,Chen Meng
Goi Rui Xuan,Hina Hayata
Jieni Shao,Adriana Diaz
Kuai Man,Sun Yingsha
Doo Hoi Kem,Sofia Polcanova
Georgina Pota,Wang Manyu
Barbora Balazova,Suthasini Sawettabut
Xiaoxin Yang,Liu Shiwen
Suh Hyo-won,Lee Ho Ching
Bruna Takahashi,Cheng I-ching
Zhang Mo,He Zhuojia
Chen Szu-yu,Mima Ito
Dora Madarasz,Nina Mittelham
Hana Matelova,Kasumi Ishikawa
Zeng Jian,Chen Meng
Miu Hirano,Wang Yidi
Fu Yu,Jia Nan Yuan
Chien Tung-Chuan,Sofia Polcanova
Wang Yidi,Miu Hirano
Fan Siqi,Jia Nan Yuan
Chen Meng,Elizabeta Samara
Jeon Ji-hee,Chen Xingtong
Georgina Pota,Zhang Rui
Mima Ito,Qian Tanyi
Dina Meshref,Han Ying
Hina Hayata,Suthasini Sawettabut
Lee Zi-on,Nina Mittelham
Miyuu Kihara,Wang Manyu
Xiaona Shan,Kasumi Ishikawa
Sabine Winter,Sun Yingsha
Linda Bergstrom,Xiaoxin Yang
Cheng I-ching,Adriana Diaz
Doo Hoi Kem,Joo Cheonhui
Cheng Hsien-tzu,Goi Rui Xuan
Sabine Winter,Sun Yingsha
Lin Ye,Georgina Pota
Dina Meshref,Lee Ho Ching
Petrissa Solja,Suthasini Sawettabut
Britt Eerland,Doo Hoi Kem
Sarah De Nutte,Hina Hayata
Linda Bergstrom,Suh Hyo-won
Liu Hsing-Yin,Wang Manyu
Feng Tianwei,Kuai Man
Choi Hyo-joo,Xiaona Shan
Bernadette Szocs,Sofia Polcanova
Mateja Jeger,Adriana Diaz
Zhou Jingyi,Barbora Balazova
Jeon Ji-hee,Liu Shiwen
Wong Xin Rui,Shao Jieni
Soo Wai Yam Minnie,Jia Nan Yuan
Han Ying,Mima Ito
Mariam Alhodaby,Nina Mittelham
Hitomi Sato,Chen Meng
Yang Ha-eun,Bruna Takahashi
Elizabeta Samara,Dora Madarasz
Melanie Diaz,Zeng Jian
Miyu Kato,Cheng I-ching
Li Yu-jhun,Hana Matelova
Lily Zhang,Kasumi Ishikawa
Chen Xingtong,Wang Yidi
Christina Kallberg,Fu Yu
Manika Batra,Zhang Mo
Ni Xialian,He Zhuojia
Xiaoxin Yang,Miu Hirano
Ayhika Mukherjee,Chen Szu-yu
Chen Szu-yu,Qian Tanyi
Suh Hyo-won,Jeon Ji-hee
Hana Matelova,Chen Xingtong
Lily Zhang,Mima Ito
Yangzi Liu,Zhang Rui
Yuan Wan,Miu Hirano
Bernadette Szocs,Wang Yidi
Wong Xin Rui,Georgina Pota
Goi Rui Xuan,Dina Meshref
Sabina surjan,Sofia Polcanova
Yousra Helmy,Han Ying
Zeng Jian,Jia Nan Yuan
Ni Xialian,Fan Siqi
Fu Yu,Chien Tung-Chuan
Miyu Nagasaki,Chen Meng
Margaryta Pesotska,Elizabeta Samara
Zhang Mo,Cheng I-ching
Choi Hyo-joo,Doo Hoi Kem
Natalia Bajor,Suthasini Sawettabut
Mariam Alhodaby,Hina Hayata
Lee Ho Ching,Wang Manyu
Barbora Balazova,Lee Zi-on
Shin Yu-bin,Xiaona Shan
Hana Goda,Sabine Winter
Minhyung Jee,Joo Cheonhui
Prithika Pavade,Xiaoxin Yang
Liu Hsing-Yin,Sun Yingsha
Manika Batra,Linda Bergstrom
Zhou Jingyi,Miyuu Kihara
Jieni Shao,Nina Mittelham
Bruna Takahashi,Kasumi Ishikawa
Zhu Cheng Zhu,Adriana Diaz
